[
  {
    "model": "sessions.session",
    "pk": "uvfh2jlbzioikkdmicllczpwrnwq4ckf",
    "fields": {
      "session_data": ".eJxVjEEOwiAQRe_C2hAIBQaX7j0DgZlBqgaS0q6Md9cmXej2v_f-S8S0rTVug5c4kzgLLU6_W0744LYDuqd26xJ7W5c5y12RBx3y2omfl8P9O6hp1G_NwWngAMaxIRfQKuY8ARZN3kP2lnQxqJM2bNNUQAUgZR0q75C5BPH-AObTOCY:1uNX49:_eukRDpcLez8BMK6Rn0TVnhHYRDQ-sq4akVPhjxFvq4",
      "expire_date": "2025-06-20T13:25:01.002Z"
    }
  },
  {
    "model": "market.categoria",
    "pk": 7,
    "fields": {
      "nombre": "Consolas clásicas"
    }
  },
  {
    "model": "market.categoria",
    "pk": 8,
    "fields": {
      "nombre": "Juegos de 8 y 16 bits"
    }
  },
  {
    "model": "market.categoria",
    "pk": 9,
    "fields": {
      "nombre": "Accesorios retro"
    }
  },
  {
    "model": "market.categoria",
    "pk": 10,
    "fields": {
      "nombre": "Merchandising vintage"
    }
  },
  {
    "model": "market.categoria",
    "pk": 11,
    "fields": {
      "nombre": "Arcade y pinballs"
    }
  },
  {
    "model": "market.categoria",
    "pk": 12,
    "fields": {
      "nombre": "Cartuchos y discos"
    }
  },
  {
    "model": "market.carritoitem",
    "pk": 35,
    "fields": {
      "carrito": 15,
      "producto": 10,
      "cantidad": 1
    }
  },
  {
    "model": "market.carritoitem",
    "pk": 36,
    "fields": {
      "carrito": 15,
      "producto": 9,
      "cantidad": 1
    }
  },
  {
    "model": "market.carritoitem",
    "pk": 37,
    "fields": {
      "carrito": 16,
      "producto": 9,
      "cantidad": 1
    }
  },
  {
    "model": "market.carritoitem",
    "pk": 39,
    "fields": {
      "carrito": 17,
      "producto": 9,
      "cantidad": 1
    }
  },
  {
    "model": "market.carritoitem",
    "pk": 40,
    "fields": {
      "carrito": 17,
      "producto": 11,
      "cantidad": 1
    }
  },
  {
    "model": "market.carritoitem",
    "pk": 41,
    "fields": {
      "carrito": 18,
      "producto": 17,
      "cantidad": 1
    }
  },
  {
    "model": "market.carritoitem",
    "pk": 44,
    "fields": {
      "carrito": 19,
      "producto": 9,
      "cantidad": 1
    }
  },
  {
    "model": "market.lineapedido",
    "pk": 15,
    "fields": {
      "pedido": 19,
      "producto": 10,
      "cantidad": 1
    }
  },
  {
    "model": "market.lineapedido",
    "pk": 16,
    "fields": {
      "pedido": 19,
      "producto": 9,
      "cantidad": 1
    }
  },
  {
    "model": "market.lineapedido",
    "pk": 17,
    "fields": {
      "pedido": 20,
      "producto": 9,
      "cantidad": 1
    }
  },
  {
    "model": "market.lineapedido",
    "pk": 18,
    "fields": {
      "pedido": 21,
      "producto": 9,
      "cantidad": 1
    }
  },
  {
    "model": "market.lineapedido",
    "pk": 19,
    "fields": {
      "pedido": 21,
      "producto": 11,
      "cantidad": 1
    }
  },
  {
    "model": "market.lineapedido",
    "pk": 20,
    "fields": {
      "pedido": 22,
      "producto": 17,
      "cantidad": 1
    }
  },
  {
    "model": "market.lineapedido",
    "pk": 21,
    "fields": {
      "pedido": 23,
      "producto": 9,
      "cantidad": 1
    }
  },
  {
    "model": "auth.user",
    "pk": 1,
    "fields": {
      "password": "pbkdf2_sha256$870000$MZfrQeCTPvfeCpmu0VLpsk$oRd7kGdOjxbAQPiUP4YX3x5pGWan8Yh7tqGEtVuQqeI=",
      "last_login": "2025-06-06T13:25:01.000Z",
      "is_superuser": true,
      "username": "andre",
      "first_name": "",
      "last_name": "",
      "email": "andresitomilea@gmail.com",
      "is_staff": true,
      "is_active": true,
      "date_joined": "2025-05-26T10:39:00.610Z",
      "groups": [],
      "user_permissions": []
    }
  },
  {
    "model": "auth.user",
    "pk": 2,
    "fields": {
      "password": "pbkdf2_sha256$870000$D8j1iHXwmvTE6gkCS2caw8$LKnAYCrj2qSn3i5wDEnHUjrrIip05hTjWALX5xZnEuY=",
      "last_login": "2025-06-03T18:54:02.021Z",
      "is_superuser": false,
      "username": "pepe",
      "first_name": "",
      "last_name": "",
      "email": "pepe@gmail.com",
      "is_staff": false,
      "is_active": true,
      "date_joined": "2025-05-30T21:18:14.436Z",
      "groups": [],
      "user_permissions": []
    }
  },
  {
    "model": "auth.user",
    "pk": 3,
    "fields": {
      "password": "pbkdf2_sha256$870000$D4xG0vikNJbpoKf08XRspu$pQlkdPcGe4h8+e0LJ/SBDyl/zZnIV8BYQuUPl9aAwHE=",
      "last_login": "2025-06-03T18:45:47.308Z",
      "is_superuser": false,
      "username": "lucia",
      "first_name": "",
      "last_name": "",
      "email": "",
      "is_staff": false,
      "is_active": true,
      "date_joined": "2025-06-01T14:39:29.908Z",
      "groups": [],
      "user_permissions": []
    }
  },
  {
    "model": "auth.user",
    "pk": 4,
    "fields": {
      "password": "pbkdf2_sha256$870000$pDd3w8xL0V9QJSZKyQYvVL$Ifn1eJ0pzH9fu0ndt0tzWi7wDsVedDH0qKP0yLqmgVw=",
      "last_login": "2025-06-04T11:37:43.787Z",
      "is_superuser": false,
      "username": "carlos",
      "first_name": "",
      "last_name": "",
      "email": "",
      "is_staff": false,
      "is_active": true,
      "date_joined": "2025-06-01T14:39:30.213Z",
      "groups": [],
      "user_permissions": []
    }
  },
  {
    "model": "auth.user",
    "pk": 5,
    "fields": {
      "password": "pbkdf2_sha256$870000$P9pYdRjDj3Cd4FHPZPu77p$0pDFJH6VdpBoIvP8O4m0DhD400/svGZ3Vi8AGL9pEkY=",
      "last_login": "2025-06-03T18:53:40.528Z",
      "is_superuser": false,
      "username": "sofia",
      "first_name": "",
      "last_name": "",
      "email": "",
      "is_staff": false,
      "is_active": true,
      "date_joined": "2025-06-01T14:39:30.506Z",
      "groups": [],
      "user_permissions": []
    }
  },
  {
    "model": "auth.user",
    "pk": 6,
    "fields": {
      "password": "pbkdf2_sha256$870000$FLjliVScRX3F4KM58OMgrx$A+wlo0Peck7b8za8Of9Xo4S46EshVsLM1rG90LiqITw=",
      "last_login": "2025-06-04T16:32:51.040Z",
      "is_superuser": false,
      "username": "alejandro",
      "first_name": "",
      "last_name": "",
      "email": "alejandro@gmail.com",
      "is_staff": false,
      "is_active": true,
      "date_joined": "2025-06-04T16:32:50.732Z",
      "groups": [],
      "user_permissions": []
    }
  },
  {
    "model": "auth.user",
    "pk": 7,
    "fields": {
      "password": "pbkdf2_sha256$870000$u7ArDYUPt1LSgwXgU4jJmn$h5KB5Wlb5zEDVIKcejzWLd8A3b30+Z3BxeQchaBgnnk=",
      "last_login": "2025-06-06T10:53:59.789Z",
      "is_superuser": false,
      "username": "Andres",
      "first_name": "",
      "last_name": "",
      "email": "mileaandress@gmail.com",
      "is_staff": false,
      "is_active": true,
      "date_joined": "2025-06-06T10:53:59.481Z",
      "groups": [],
      "user_permissions": []
    }
  },
  {
    "model": "market.producto",
  "pk": 7,
  "fields": {
    "nombre": "Game Boy Color",
    "descripcion": "Revive tus aventuras portatiles con la Game Boy Color, una consola legendaria que trajo color y diversi¾n a millones de manos. Compacta, resistente y con una amplia biblioteca de juegos inolvidables.",
    "precio": "74.00",
    "imagen": "productos/Game_Boy_Color.webp",
    "fecha_publicacion": "2025-06-01T14:48:32.909Z",
    "propietario": [
      "andre"
    ],
    "categoria": 8,
    "stock": 16
  }
},
{
  "model": "market.producto",
  "pk": 8,
  "fields": {
    "nombre": "PlayStation 1",
    "descripcion": "La consola que defini¾ una era. PlayStation 1 revolucion¾ el mundo de los videojuegos con grßficos 3D, sonido envolvente y joyas como Final Fantasy, Metal Gear Solid y Resident Evil.",
    "precio": "100.00",
    "imagen": "productos/PS1.webp",
    "fecha_publicacion": "2025-06-01T14:48:32.913Z",
    "propietario": [
      "carlos"
    ],
    "categoria": 11,
    "stock": 0
  }
},
{
  "model": "market.producto",
  "pk": 9,
  "fields": {
    "nombre": "Sega Genesis",
    "descripcion": "Sega Genesis, un clßsico eterno. Con su potente procesador de 16 bits y su catßlogo lleno de acci¾n y velocidad, fue el hogar de Sonic, Streets of Rage y muchos mßs.",
    "precio": "67.00",
    "imagen": "productos/Sega_Genesis_oBZaSsY.webp",
    "fecha_publicacion": "2025-06-01T14:48:32.915Z",
    "propietario": [
      "lucia"
    ],
    "categoria": 11,
    "stock": 0
  }
},
{
  "model": "market.producto",
  "pk": 10,
  "fields": {
    "nombre": "Mario Kart 64",
    "descripcion": "íEnciende tu motor! Mario Kart 64 mezcla velocidad, locura y risas con amigos. ConviÚrtete en el rey de la pista en esta joya multijugador de Nintendo.",
    "precio": "39.00",
    "imagen": "productos/MarioKart64.webp",
    "fecha_publicacion": "2025-06-01T14:48:32.918Z",
    "propietario": [
      "pepe"
    ],
    "categoria": 10,
    "stock": 8
  }
},
{
  "model": "market.producto",
  "pk": 11,
  "fields": {
    "nombre": "Zelda: Ocarina",
    "descripcion": "Embßrcate en una aventura Úpica en Hyrule. Zelda: Ocarina of Time es una obra maestra que combina exploraci¾n, acci¾n y narrativa en una experiencia inolvidable.",
    "precio": "74.00",
    "imagen": "productos/Zelda_Ocarina_RJZkFoM.webp",
    "fecha_publicacion": "2025-06-01T14:48:32.920Z",
    "propietario": [
      "sofia"
    ],
    "categoria": 8,
    "stock": 3
  }
},
{
  "model": "market.producto",
  "pk": 12,
  "fields": {
    "nombre": "Mando N64",
    "descripcion": "Este ic¾nico controlador de la Nintendo 64 no solo marc¾ una generaci¾n, sino que revolucion¾ la forma en que interactuamos con los videojuegos. Su inconfundible forma de tridente y su palanca anal¾gica central ofrecieron una precisi¾n nunca antes vista, ideal para juegos como Super Mario 64 o GoldenEye 007. Con sus colores vibrantes y un dise±o adelantado a su tiempo, el Mando N64 es una joya para coleccionistas y nostßlgicos por igual. Revive la magia de los a±os 90 con cada pulsaci¾n de bot¾n.",
    "precio": "26.00",
    "imagen": "productos/N64_Mando.jpg",
    "fecha_publicacion": "2025-06-01T14:48:32.922Z",
    "propietario": [
      "andre"
    ],
    "categoria": 9,
    "stock": 0
  }
},
{
  "model": "market.producto",
  "pk": 13,
  "fields": {
    "nombre": "PokÚmon Rojo",
    "descripcion": "Atrapa la nostalgia con PokÚmon Rojo. Explora Kanto, atrapa 150 criaturas y enfrÚntate al Alto Mando en uno de los RPGs mßs queridos de todos los tiempos.",
    "precio": "30.00",
    "imagen": "productos/PokemonRojo.webp",
    "fecha_publicacion": "2025-06-01T14:48:32.924Z",
    "propietario": [
      "carlos"
    ],
    "categoria": 9,
    "stock": 1
  }
},
{
  "model": "market.producto",
  "pk": 14,
  "fields": {
    "nombre": "SNES Mini",
    "descripcion": "Una consola compacta que revive el pasado. La SNES Mini trae de vuelta clßsicos como Super Metroid y Chrono Trigger en una edici¾n coleccionable que cabe en tu mano.",
    "precio": "53.00",
    "imagen": "productos/Snes_Mini.webp",
    "fecha_publicacion": "2025-06-01T14:48:32.926Z",
    "propietario": [
      "lucia"
    ],
    "categoria": 12,
    "stock": 4
  }
},
{
  "model": "market.producto",
  "pk": 15,
  "fields": {
    "nombre": "Final Fantasy VII",
    "descripcion": "Una Úpica historia de amor, guerra y magia. Final Fantasy VII es uno de los RPGs mßs influyentes, con personajes entra±ables y una banda sonora que te harß vibrar.",
    "precio": "39.00",
    "imagen": "productos/FinalFantasy_7.webp",
    "fecha_publicacion": "2025-06-01T14:48:32.928Z",
    "propietario": [
      "pepe"
    ],
    "categoria": 7,
    "stock": 4
  }
},
{
  "model": "market.producto",
  "pk": 16,
  "fields": {
    "nombre": "Tamagotchi",
    "descripcion": "Tu primer compa±ero digital. El Tamagotchi fue una revoluci¾n en los 90, ense±ando a ni±os y ni±as a cuidar una criatura virtual desde su bolsillo.",
    "precio": "77.00",
    "imagen": "productos/Tamagotchi_CKhtH15.webp",
    "fecha_publicacion": "2025-06-01T14:48:32.930Z",
    "propietario": [
      "sofia"
    ],
    "categoria": 8,
    "stock": 9
  }
},
{
  "model": "market.producto",
  "pk": 17,
  "fields": {
    "nombre": "Camiseta Retro",
    "descripcion": "Vuelve al pasado con estilo. Esta camiseta retro combina colores vibrantes y dise±os pixelados para mostrar tu pasi¾n por la vieja escuela gamer.",
    "precio": "22.00",
    "imagen": "productos/Cami_Retro.webp",
    "fecha_publicacion": "2025-06-01T14:48:32.931Z",
    "propietario": [
      "andre"
    ],
    "categoria": 11,
    "stock": 3
  }
},
{
  "model": "market.producto",
  "pk": 18,
  "fields": {
    "nombre": "Figura Link",
    "descripcion": "Una figura detallada de Link, el HÚroe del Tiempo. Ideal para decorar tu espacio gamer o como parte de una colecci¾n dedicada al universo de Zelda.",
    "precio": "50.00",
    "imagen": "productos/FiguraLink.webp",
    "fecha_publicacion": "2025-06-01T14:48:32.933Z",
    "propietario": [
      "carlos"
    ],
    "categoria": 10,
    "stock": 8
  }
},
{
  "model": "market.producto",
  "pk": 19,
  "fields": {
    "nombre": "Donkey Kong Country",
    "descripcion": "Corre, salta y golpea en la jungla con Donkey Kong Country. Grßficos revolucionarios para su Úpoca y una jugabilidad desafiante lo convirtieron en un clßsico instantßneo.",
    "precio": "26.00",
    "imagen": "productos/DK_Country.jpg",
    "fecha_publicacion": "2025-06-01T14:48:32.935Z",
    "propietario": [
      "lucia"
    ],
    "categoria": 7,
    "stock": 2
  }
},
{
  "model": "market.producto",
  "pk": 20,
  "fields": {
    "nombre": "Memory Card PS1",
    "descripcion": "Imprescindible para guardar tus progresos en los juegos de PlayStation 1. La Memory Card era la compa±era fiel de cada jugador serio.",
    "precio": "60.00",
    "imagen": "productos/Memory_Card.webp",
    "fecha_publicacion": "2025-06-01T14:48:32.937Z",
    "propietario": [
      "pepe"
    ],
    "categoria": 12,
    "stock": 9
  }
},
{
  "model": "market.producto",
  "pk": 21,
  "fields": {
    "nombre": "GameCube",
    "descripcion": "Innovadora y compacta, la GameCube trajo juegos inolvidables como Super Smash Bros. Melee y Metroid Prime. Su dise±o ·nico y control ergon¾mico siguen siendo amados por fans.",
    "precio": "77.00",
    "imagen": "productos/Gamecube.webp",
    "fecha_publicacion": "2025-06-01T14:48:32.939Z",
    "propietario": [
      "sofia"
    ],
    "categoria": 9,
    "stock": 2
  }
},
{
  "model": "market.producto",
  "pk": 22,
  "fields": {
    "nombre": "Dreamcast",
    "descripcion": "La ·ltima apuesta de Sega en consolas. Dreamcast fue visionaria con juego en lÝnea, tarjetas de memoria interactivas y joyas como Shenmue y Jet Set Radio.",
    "precio": "43.00",
    "imagen": "productos/Dreamcast.webp",
    "fecha_publicacion": "2025-06-01T14:48:32.941Z",
    "propietario": [
      "andre"
    ],
    "categoria": 12,
    "stock": 9
  }
},
{
  "model": "market.producto",
  "pk": 23,
  "fields": {
    "nombre": "Metroid Prime",
    "descripcion": "Explora el universo con Samus Aran en Metroid Prime. Combina acci¾n, exploraci¾n y una ambientaci¾n envolvente en uno de los mejores shooters en primera persona de Nintendo.",
    "precio": "75.00",
    "imagen": "productos/MetroidPrime.webp",
    "fecha_publicacion": "2025-06-01T14:48:32.943Z",
    "propietario": [
      "carlos"
    ],
    "categoria": 9,
    "stock": 5
  }
},
{
  "model": "market.producto",
  "pk": 24,
  "fields": {
    "nombre": "Pac-Man",
    "descripcion": "Come pÝldoras y esquiva fantasmas. Pac-Man es un icono cultural y uno de los videojuegos mßs reconocidos de todos los tiempos. Ideal para cualquier fan retro.",
    "precio": "45.00",
    "imagen": "productos/Pacman.webp",
    "fecha_publicacion": "2025-06-01T14:48:32.945Z",
    "propietario": [
      "lucia"
    ],
    "categoria": 12,
    "stock": 8
  }
},
{
  "model": "market.producto",
  "pk": 25,
  "fields": {
    "nombre": "Camiseta Atari",
    "descripcion": "Rinde homenaje a una leyenda. La camiseta Atari lleva el logo que inici¾ la industria moderna del videojuego. Minimalista, elegante y 100% gamer.",
    "precio": "29.00",
    "imagen": "productos/Atari.webp",
    "fecha_publicacion": "2025-06-01T14:48:32.947Z",
    "propietario": [
      "pepe"
    ],
    "categoria": 11,
    "stock": 10
  }
},
{
  "model": "market.producto",
  "pk": 26,
  "fields": {
    "nombre": "Mega Drive",
    "descripcion": "La hermana de Genesis en Europa. Mega Drive tiene un legado de tÝtulos emblemßticos y sigue siendo una de las consolas mßs queridas de Sega.",
    "precio": "72.00",
    "imagen": "productos/MegaDrive.webp",
    "fecha_publicacion": "2025-06-01T14:48:32.949Z",
    "propietario": [
      "sofia"
    ],
    "categoria": 8,
    "stock": 4
  }
},
{
  "model": "market.producto",
  "pk": 27,
  "fields": {
    "nombre": "Tetris",
    "descripcion": "Uno de los videojuegos mßs ic¾nicos de todos los tiempos. Tetris lleg¾ al Game Boy y cambi¾ la historia: simple, adictivo y genial. Este cartucho clßsico te reta a encajar piezas con precisi¾n mientras la velocidad aumenta. Ideal para partidas rßpidas y desafÝos eternos. íRevive la magia del puzzle ruso que conquist¾ el mundo, en su versi¾n mßs nostßlgica!",
    "precio": "42.00",
    "imagen": "productos/Tetris.webp",
    "fecha_publicacion": "2025-06-01T14:48:32.951Z",
    "propietario": [
      "andre"
    ],
    "categoria": 7,
    "stock": 6
  }
},
{
  "model": "market.producto",
  "pk": 28,
  "fields": {
    "nombre": "Crash Bandicoot",
    "descripcion": "Lanzado originalmente para PlayStation, Crash Bandicoot marc¾ un antes y un despuÚs en las plataformas 3D. Con su personalidad rebelde y sus giros incontrolables, Crash se convirti¾ en el hÚroe inesperado de toda una generaci¾n. Este juego combina acci¾n, humor y desafÝos desafiantes en escenarios selvßticos, laboratorios locos y templos antiguos. Una pieza obligatoria para todo fan de lo retro, ideal para revivir la emoci¾n de los 90 con una sonrisa y un poco de locura",
    "precio": "34.00",
    "imagen": "productos/Crash.webp",
    "fecha_publicacion": "2025-06-01T14:48:32.953Z",
    "propietario": [
      "carlos"
    ],
    "categoria": 8,
    "stock": 6
  }
},
{
  "model": "market.producto",
  "pk": 29,
  "fields": {
    "nombre": "Consola NES",
    "descripcion": "La NES no es solo una consola, es el origen de una era dorada de los videojuegos. Lanzada en los a±os 80, esta joya tecnol¾gica trajo clßsicos como Super Mario Bros., The Legend of Zelda y Metroid. Su dise±o rectangular, los cartuchos que soplabas con cari±o y su control sencillo la convierten en una pieza nostßlgica imprescindible. Ideal para coleccionistas o para revivir la magia del 8 bits, la NES es pura historia viva del gaming retro.",
    "precio": "106.00",
    "imagen": "productos/Consola_NES.webp",
    "fecha_publicacion": "2025-06-01T14:48:32.955Z",
    "propietario": [
      "lucia"
    ],
    "categoria": 11,
    "stock": 2
  }
},
{
  "model": "market.producto",
  "pk": 30,
  "fields": {
    "nombre": "Figura Mario",
    "descripcion": "Revive la gloria de los 90 con esta figura de Mario, el fontanero mßs famoso del mundo de los videojuegos. Detallada con estilo pixel-art y colores vibrantes, es perfecta para decorar tu estanterÝa o escritorio. Fabricada con materiales de alta calidad, esta pieza es ideal para fans de Nintendo y coleccionistas retro. íUn homenaje en miniatura al hÚroe del Reino Champi±¾n!",
    "precio": "60.00",
    "imagen": "productos/FiguraMario.webp",
    "fecha_publicacion": "2025-06-01T14:48:32.957Z",
    "propietario": [
      "pepe"
    ],
    "categoria": 11,
    "stock": 3
  }
},
{
  "model": "market.producto",
  "pk": 31,
  "fields": {
    "nombre": "GTA San Andreas",
    "descripcion": "SumÚrgete en el legendario estado de San Andreas con Carl \"CJ\" Johnson en esta obra maestra de Rockstar. Desde las peligrosas calles de Los Santos hasta los casinos de Las Venturas, vive una historia de venganza, familia y poder al ritmo del mejor hip-hop de los 90. Personaliza tu personaje, conquista territorios y explora un mundo abierto vibrante lleno de secretos, misiones y locura urbana. San Andreas no es solo un juego: es una experiencia inolvidable que defini¾ una era.\r\nDisponible para PC/PS2",
    "precio": "23.00",
    "imagen": "productos/GTA_San_Andreas.webp",
    "fecha_publicacion": "2025-06-01T14:48:32.959Z",
    "propietario": [
      "sofia"
    ],
    "categoria": 9,
    "stock": 1
  }
},
{
  "model": "market.carrito",
  "pk": 15,
  "fields": {
    "usuario": [
      "andre"
    ],
    "completado": true
  }
},
{
  "model": "market.carrito",
  "pk": 16,
  "fields": {
    "usuario": [
      "andre"
    ],
    "completado": true
  }
},
{
  "model": "market.carrito",
  "pk": 17,
  "fields": {
    "usuario": [
      "andre"
    ],
    "completado": true
  }
},
{
  "model": "market.carrito",
  "pk": 18,
  "fields": {
    "usuario": [
      "andre"
    ],
    "completado": true
  }
},
{
  "model": "market.carrito",
  "pk": 19,
  "fields": {
    "usuario": [
      "andre"
    ],
    "completado": true
  }
},
{
  "model": "market.carrito",
  "pk": 20,
  "fields": {
    "usuario": [
      "andre"
    ],
    "completado": false
  }
},
{
  "model": "market.pedido",
  "pk": 19,
  "fields": {
    "usuario": [
      "andre"
    ],
    "nombre": "PS1",
    "direccion": "dsadsadsa",
    "email": "andresitomilea@gmail.com",
    "creado": "2025-06-04T13:49:12.574Z",
    "completado": false
  }
},
{
  "model": "market.pedido",
  "pk": 20,
  "fields": {
    "usuario": [
      "andre"
    ],
    "nombre": "dsadsa",
    "direccion": "sdadsasda",
    "email": "dsadsaadsdas@gma",
    "creado": "2025-06-04T13:49:19.782Z",
    "completado": false
  }
},
{
  "model": "market.pedido",
  "pk": 21,
  "fields": {
    "usuario": [
      "andre"
    ],
    "nombre": "Andres",
    "direccion": "dsadsadsa",
    "email": "andresitomilea@gmail.com",
    "creado": "2025-06-04T16:39:28.391Z",
    "completado": false
  }
},
{
  "model": "market.pedido",
  "pk": 22,
  "fields": {
    "usuario": [
      "andre"
    ],
    "nombre": "dsad",
    "direccion": "adsdasadsd",
    "email": "andresitomilea@gmail.com",
    "creado": "2025-06-04T16:39:54.247Z",
    "completado": false
  }
},
{
  "model": "market.pedido",
  "pk": 23,
  "fields": {
    "usuario": [
      "andre"
    ],
    "nombre": "PS1",
    "direccion": "adsdasads",
    "email": "andresitomilea@gmail.com",
    "creado": "2025-06-05T22:08:01.425Z",
    "completado": false
  }
}
]
